source	field	rows	filled_rows	coverage	likely_present	likely_absent	p_present_nahuatl	p_not_nahuatl	p_present_spanish	p_not_spanish	p_present_french	p_not_french	p_present_latin	p_not_latin	p_present_english	p_not_english	p_present_greek	p_not_greek	top_evidence
153? Trilingüe	Original	12165	12134	0.9975	nahuatl	spanish,french,latin,english,greek	0.9559	0.0441	0.0000	1.0000	0.0000	1.0000	0.0000	1.0000	0.0000	1.0000	0.0000	1.0000	nahuatl:ciuatl=56|amo=42
153? Trilingüe	Editado	12165	12079	0.9929	nahuatl	spanish,french,latin,english,greek	0.9567	0.0433	0.0000	1.0000	0.0000	1.0000	0.0000	1.0000	0.0000	1.0000	0.0000	1.0000	nahuatl:amo=220|cihuatl=65
153? Trilingüe	Traducción	12165	12165	1.0000	spanish	nahuatl,french,latin,english,greek	0.0038	0.9962	0.8014	0.1986	0.0012	0.9988	0.0000	1.0000	0.0000	1.0000	0.0003	0.9997	nahuatl:no=86|hueso=10|amo=10; spanish:de=2320|asi=1314; french:genero=12|medico=9|despues=8; english:artificial=1; greek:griego=21
153? Trilingüe	Traducción (es)	12165	0	0.0000		nahuatl,spanish,french,latin,english,greek	0.0000	1.0000	0.0000	1.0000	0.0000	1.0000	0.0000	1.0000	0.0000	1.0000	0.0000	1.0000	
153? Trilingüe	Comentario	12165	12165	1.0000	nahuatl,spanish,latin	french,english,greek	0.4133	0.5867	0.5215	0.4785	0.0465	0.9535	0.4723	0.5277	0.0001	0.9999	0.0008	0.9992	nahuatl:no=298|in=110; spanish:de=6843|asi=2646; french:ajoute=2160|co=54|medico=29; latin:onis=1303|ajoute=1080; english:artificial=7; greek:griego=55|griega=6|grec=2
153? Trilingüe	Comentario (es)	12165	0	0.0000		nahuatl,spanish,french,latin,english,greek	0.0000	1.0000	0.0000	1.0000	0.0000	1.0000	0.0000	1.0000	0.0000	1.0000	0.0000	1.0000	
153? Trilingüe	Comentario_wimmer_plus_html	12165	0	0.0000		nahuatl,spanish,french,latin,english,greek	0.0000	1.0000	0.0000	1.0000	0.0000	1.0000	0.0000	1.0000	0.0000	1.0000	0.0000	1.0000	
153? Trilingüe	all_public_text	12165	12165	1.0000	nahuatl,spanish,latin	french,english,greek	0.4147	0.5853	0.9017	0.0983	0.0475	0.9525	0.4723	0.5277	0.0001	0.9999	0.0010	0.9990	nahuatl:no=384|in=111; spanish:de=9163; french:ajoute=2160|co=54|medico=38; latin:onis=1303|ajoute=1080; english:artificial=8; greek:griego=76|griega=6|grec=2
1547 Olmos_G	Original	868	868	1.0000	nahuatl	spanish,french,latin,english,greek	0.9555	0.0445	0.0000	1.0000	0.0000	1.0000	0.0000	1.0000	0.0000	1.0000	0.0000	1.0000	nahuatl:oc=17|quin=8
1547 Olmos_G	Editado	868	868	1.0000	nahuatl	spanish,french,latin,english,greek	0.9555	0.0445	0.0000	1.0000	0.0000	1.0000	0.0000	1.0000	0.0000	1.0000	0.0000	1.0000	nahuatl:zan=16|oc=14
1547 Olmos_G	Traducción	868	868	1.0000	spanish	nahuatl,french,latin,english,greek	0.0088	0.9912	0.8069	0.1931	0.0010	0.9990	0.0032	0.9968	0.0000	1.0000	0.0000	1.0000	nahuatl:no=21|amo=4|sahumerio=2; spanish:el=82|cosa=75; french:cipres=2|despues=2|dijesemos=1; latin:scil=15|vel=1
1547 Olmos_G	Traducción (es)	868	0	0.0000		nahuatl,spanish,french,latin,english,greek	0.0000	1.0000	0.0000	1.0000	0.0000	1.0000	0.0000	1.0000	0.0000	1.0000	0.0000	1.0000	
1547 Olmos_G	Comentario	868	200	0.2304	spanish	french,latin,english,greek	0.2343	0.7657	0.6463	0.3537	0.0114	0.9886	0.0447	0.9553	0.0000	1.0000	0.0000	1.0000	nahuatl:no=50|quin=27|oc=24; spanish:el=186|en=70; french:tambien=12|mexico=4|anteponiendose=2; latin:scil=39|vel=14
1547 Olmos_G	Comentario (es)	868	0	0.0000		nahuatl,spanish,french,latin,english,greek	0.0000	1.0000	0.0000	1.0000	0.0000	1.0000	0.0000	1.0000	0.0000	1.0000	0.0000	1.0000	
1547 Olmos_G	Comentario_wimmer_plus_html	868	0	0.0000		nahuatl,spanish,french,latin,english,greek	0.0000	1.0000	0.0000	1.0000	0.0000	1.0000	0.0000	1.0000	0.0000	1.0000	0.0000	1.0000	
1547 Olmos_G	all_public_text	868	868	1.0000	spanish	french,latin,english,greek	0.0622	0.9378	0.8332	0.1668	0.0036	0.9964	0.0134	0.9866	0.0000	1.0000	0.0000	1.0000	nahuatl:no=71|quin=27|oc=24; spanish:el=268; french:tambien=13|mexico=4|cipres=2; latin:scil=54|vel=15
1547 Olmos_V ?	Original	2008	2008	1.0000	nahuatl	spanish,french,latin,english,greek	0.9550	0.0450	0.0000	1.0000	0.0000	1.0000	0.0000	1.0000	0.0000	1.0000	0.0000	1.0000	nahuatl:amo=14|yn=5
1547 Olmos_V ?	Editado	2008	2004	0.9980	nahuatl	spanish,french,latin,english,greek	0.9553	0.0447	0.0000	1.0000	0.0000	1.0000	0.0000	1.0000	0.0000	1.0000	0.0000	1.0000	nahuatl:ehua=10|itech=6
1547 Olmos_V ?	Traducción	2008	2005	0.9985	spanish	nahuatl,french,latin,english,greek	0.0038	0.9962	0.7960	0.2040	0.0008	0.9992	0.0004	0.9996	0.0000	1.0000	0.0000	1.0000	nahuatl:no=6|huir=5|humillarse=5; spanish:el=174|algo=148; french:verguenza=8|primogenito=2|cortesmente=2; latin:vel=5
1547 Olmos_V ?	Traducción (es)	2008	0	0.0000		nahuatl,spanish,french,latin,english,greek	0.0000	1.0000	0.0000	1.0000	0.0000	1.0000	0.0000	1.0000	0.0000	1.0000	0.0000	1.0000	
1547 Olmos_V ?	Comentario	2008	1	0.0005	spanish	nahuatl,french,latin,english,greek	0.0000	1.0000	0.5096	0.4904	0.0000	1.0000	0.0000	1.0000	0.0000	1.0000	0.0000	1.0000	spanish:ocasion=1
1547 Olmos_V ?	Comentario (es)	2008	0	0.0000		nahuatl,spanish,french,latin,english,greek	0.0000	1.0000	0.0000	1.0000	0.0000	1.0000	0.0000	1.0000	0.0000	1.0000	0.0000	1.0000	
1547 Olmos_V ?	Comentario_wimmer_plus_html	2008	0	0.0000		nahuatl,spanish,french,latin,english,greek	0.0000	1.0000	0.0000	1.0000	0.0000	1.0000	0.0000	1.0000	0.0000	1.0000	0.0000	1.0000	
1547 Olmos_V ?	all_public_text	2008	2005	0.9985	spanish	nahuatl,french,latin,english,greek	0.0038	0.9962	0.7961	0.2039	0.0008	0.9992	0.0004	0.9996	0.0000	1.0000	0.0000	1.0000	nahuatl:no=6|huir=5|humillarse=5; spanish:el=174|algo=148; french:verguenza=8|primogenito=2|cortesmente=2; latin:vel=5
1551-95 Documentos nahuas de la Ciudad de México	Original	3144	3143	0.9997	nahuatl	spanish,french,latin,english,greek	0.9560	0.0440	0.0000	1.0000	0.0000	1.0000	0.0000	1.0000	0.0000	1.0000	0.0000	1.0000	nahuatl:yn=101|nitla=53
1551-95 Documentos nahuas de la Ciudad de México	Editado	3144	3094	0.9841	nahuatl	spanish,french,latin,english,greek	0.9566	0.0434	0.0000	1.0000	0.0000	1.0000	0.0000	1.0000	0.0000	1.0000	0.0000	1.0000	nahuatl:in=121|inic=104
1551-95 Documentos nahuas de la Ciudad de México	Traducción	3144	3144	1.0000	spanish	nahuatl,french,latin,english,greek	0.0104	0.9896	0.8071	0.1929	0.0017	0.9983	0.0000	1.0000	0.0000	1.0000	0.0000	1.0000	nahuatl:no=44|tlalia=16|tlanahuatia=8; spanish:de=1167|el=373; french:despues=10|sur=8|cespedes=6
1551-95 Documentos nahuas de la Ciudad de México	Traducción (es)	3144	0	0.0000		nahuatl,spanish,french,latin,english,greek	0.0000	1.0000	0.0000	1.0000	0.0000	1.0000	0.0000	1.0000	0.0000	1.0000	0.0000	1.0000	
1551-95 Documentos nahuas de la Ciudad de México	Comentario	3144	3130	0.9955	nahuatl,spanish	latin,english,greek	0.9902	0.0098	0.9863	0.0137	0.1417	0.8583	0.0000	1.0000	0.0001	0.9999	0.0000	1.0000	nahuatl:in=34837|inic=20683|auh=20067; spanish:de=43383|que=20979|el=18576; french:mexico=1482|ines=862|perez=559; english:form=1
1551-95 Documentos nahuas de la Ciudad de México	Comentario (es)	3144	0	0.0000		nahuatl,spanish,french,latin,english,greek	0.0000	1.0000	0.0000	1.0000	0.0000	1.0000	0.0000	1.0000	0.0000	1.0000	0.0000	1.0000	
1551-95 Documentos nahuas de la Ciudad de México	Comentario_wimmer_plus_html	3144	0	0.0000		nahuatl,spanish,french,latin,english,greek	0.0000	1.0000	0.0000	1.0000	0.0000	1.0000	0.0000	1.0000	0.0000	1.0000	0.0000	1.0000	
1551-95 Documentos nahuas de la Ciudad de México	all_public_text	3144	3144	1.0000	nahuatl,spanish	latin,english,greek	0.9860	0.0140	0.9969	0.0031	0.1422	0.8578	0.0000	1.0000	0.0001	0.9999	0.0000	1.0000	nahuatl:in=34837|inic=20685|auh=20067; spanish:de=44550|que=21114|el=18949; french:mexico=1485|ines=862|perez=559; english:form=1
1565 Sahagún Escolios	Original	1547	1547	1.0000	nahuatl	spanish,french,latin,english,greek	0.9561	0.0439	0.0000	1.0000	0.0000	1.0000	0.0000	1.0000	0.0000	1.0000	0.0000	1.0000	nahuatl:nitla=50|amo=42
1565 Sahagún Escolios	Editado	1547	1547	1.0000	nahuatl	spanish,french,latin,english,greek	0.9558	0.0442	0.0000	1.0000	0.0000	1.0000	0.0000	1.0000	0.0000	1.0000	0.0000	1.0000	nahuatl:amo=42|in=14
1565 Sahagún Escolios	Traducción	1547	1547	1.0000	spanish	nahuatl,french,latin,english,greek	0.0198	0.9802	0.8214	0.1786	0.0015	0.9985	0.0000	1.0000	0.0000	1.0000	0.0000	1.0000	nahuatl:no=45|amo=8|huir=6; spanish:de=369|que=291; french:tambien=5|huerfana=4|colerica=2
1565 Sahagún Escolios	Traducción (es)	1547	0	0.0000		nahuatl,spanish,french,latin,english,greek	0.0000	1.0000	0.0000	1.0000	0.0000	1.0000	0.0000	1.0000	0.0000	1.0000	0.0000	1.0000	
1565 Sahagún Escolios	Comentario	1547	1547	1.0000	nahuatl,spanish	french,latin,english,greek	0.9088	0.0912	0.8516	0.1484	0.0091	0.9909	0.0000	1.0000	0.0000	1.0000	0.0000	1.0000	nahuatl:in=3362|ca=3145|amo=1054; spanish:de=2672|que=2019|del=1800; french:reves=29|desden=22|huerfana=18
1565 Sahagún Escolios	Comentario (es)	1547	1547	1.0000	nahuatl,spanish	french,latin,english,greek	0.9088	0.0912	0.8690	0.1310	0.0091	0.9909	0.0000	1.0000	0.0000	1.0000	0.0000	1.0000	nahuatl:in=3362|ca=3145|amo=1054; spanish:de=2672|que=2019|del=1800; french:reves=29|desden=22|huerfana=18
1565 Sahagún Escolios	Comentario_wimmer_plus_html	1547	1547	1.0000	nahuatl,spanish	french,latin,english,greek	0.9099	0.0901	0.7219	0.2781	0.0089	0.9911	0.0000	1.0000	0.0000	1.0000	0.0000	1.0000	nahuatl:in=3365|ca=3147|amo=1064; spanish:de=2675|que=2019|del=1808; french:reves=29|desden=22|huerfana=18
1565 Sahagún Escolios	all_public_text	1547	1547	1.0000	nahuatl,spanish	french,latin,english,greek	0.9830	0.0170	0.9957	0.0043	0.0242	0.9758	0.0000	1.0000	0.0000	1.0000	0.0000	1.0000	nahuatl:in=10089|ca=9437|amo=3180; spanish:de=8388|que=6348|del=5450; french:reves=89|desden=68|huerfana=58
1571 Molina 1	Original	36248	36248	1.0000	nahuatl	spanish,french,latin,english,greek	0.9562	0.0438	0.0000	1.0000	0.0000	1.0000	0.0000	1.0000	0.0000	1.0000	0.0000	1.0000	nahuatl:nitla=2234|amo=468
1571 Molina 1	Editado	36248	36248	1.0000	nahuatl	spanish,french,latin,english,greek	0.9566	0.0434	0.0000	1.0000	0.0000	1.0000	0.0000	1.0000	0.0000	1.0000	0.0000	1.0000	nahuatl:amo=622|in=267
1571 Molina 1	Traducción	36248	36248	1.0000	spanish	nahuatl,french,latin,english,greek	0.0143	0.9857	0.8063	0.1937	0.0010	0.9990	0.0001	0.9999	0.0000	1.0000	0.0000	1.0000	nahuatl:tla=2275|no=430|huir=38; spanish:asi=7096|de=6601; french:despues=54|verguenza=32|medico=16; latin:vel=12; english:artificial=1
1571 Molina 1	Traducción (es)	36248	0	0.0000		nahuatl,spanish,french,latin,english,greek	0.0000	1.0000	0.0000	1.0000	0.0000	1.0000	0.0000	1.0000	0.0000	1.0000	0.0000	1.0000	
1571 Molina 1	Comentario	36248	156	0.0043	spanish	nahuatl,french,latin,english,greek	0.0000	1.0000	0.7625	0.2375	0.0000	1.0000	0.0000	1.0000	0.0000	1.0000	0.0000	1.0000	spanish:la=468|que=312
1571 Molina 1	Comentario (es)	36248	0	0.0000		nahuatl,spanish,french,latin,english,greek	0.0000	1.0000	0.0000	1.0000	0.0000	1.0000	0.0000	1.0000	0.0000	1.0000	0.0000	1.0000	
1571 Molina 1	Comentario_wimmer_plus_html	36248	0	0.0000		nahuatl,spanish,french,latin,english,greek	0.0000	1.0000	0.0000	1.0000	0.0000	1.0000	0.0000	1.0000	0.0000	1.0000	0.0000	1.0000	
1571 Molina 1	all_public_text	36248	36248	1.0000	spanish	nahuatl,french,latin,english,greek	0.0143	0.9857	0.8069	0.1931	0.0010	0.9990	0.0001	0.9999	0.0000	1.0000	0.0000	1.0000	nahuatl:tla=2275|no=430|huir=38; spanish:asi=7096|de=6601; french:despues=54|verguenza=32|medico=16; latin:vel=12; english:artificial=1
1571 Molina 2	Original	24188	24188	1.0000	nahuatl	spanish,french,latin,english,greek	0.9558	0.0442	0.0000	1.0000	0.0000	1.0000	0.0000	1.0000	0.0000	1.0000	0.0000	1.0000	nahuatl:nitla=1316|in=146
1571 Molina 2	Editado	24188	24183	0.9998	nahuatl	spanish,french,latin,english,greek	0.9565	0.0435	0.0000	1.0000	0.0000	1.0000	0.0000	1.0000	0.0000	1.0000	0.0000	1.0000	nahuatl:in=207|amo=172
1571 Molina 2	Traducción	24188	24182	0.9998	spanish	nahuatl,french,latin,english,greek	0.0205	0.9795	0.8238	0.1762	0.0021	0.9979	0.0002	0.9998	0.0000	1.0000	0.0000	1.0000	nahuatl:tla=1315|no=526|tetla=127; spanish:de=8279|el=6540; french:despues=65|etcetera=35|verguenza=21; latin:vel=31
1571 Molina 2	Traducción (es)	24188	0	0.0000		nahuatl,spanish,french,latin,english,greek	0.0000	1.0000	0.0000	1.0000	0.0000	1.0000	0.0000	1.0000	0.0000	1.0000	0.0000	1.0000	
1571 Molina 2	Comentario	24188	8020	0.3316	spanish	latin,english,greek	0.1107	0.8893	0.5230	0.4770	0.0715	0.9285	0.0029	0.9971	0.0000	1.0000	0.0000	1.0000	nahuatl:ipan=100|itech=62|nitla=46; spanish:preterito=6801|de=491; french:preterito=6801|despues=5|reves=4; latin:vel=137
1571 Molina 2	Comentario (es)	24188	0	0.0000		nahuatl,spanish,french,latin,english,greek	0.0000	1.0000	0.0000	1.0000	0.0000	1.0000	0.0000	1.0000	0.0000	1.0000	0.0000	1.0000	
1571 Molina 2	Comentario_wimmer_plus_html	24188	0	0.0000		nahuatl,spanish,french,latin,english,greek	0.0000	1.0000	0.0000	1.0000	0.0000	1.0000	0.0000	1.0000	0.0000	1.0000	0.0000	1.0000	
1571 Molina 2	all_public_text	24188	24182	0.9998	spanish	french,latin,english,greek	0.0553	0.9447	0.8532	0.1468	0.0258	0.9742	0.0012	0.9988	0.0000	1.0000	0.0000	1.0000	nahuatl:tla=1316|no=564|tetla=127; spanish:de=8770; french:preterito=6804|despues=70|etcetera=35; latin:vel=168
1579 Durán	Original	413	413	1.0000	nahuatl	spanish,french,latin,english,greek	0.9563	0.0437	0.0000	1.0000	0.0000	1.0000	0.0000	1.0000	0.0000	1.0000	0.0000	1.0000	nahuatl:huey=5|tecuhtli=4
1579 Durán	Editado	413	413	1.0000	nahuatl	spanish,french,latin,english,greek	0.9563	0.0437	0.0000	1.0000	0.0000	1.0000	0.0000	1.0000	0.0000	1.0000	0.0000	1.0000	nahuatl:huey=5|tecuhtli=4
1579 Durán	Traducción	413	413	1.0000	spanish	nahuatl,french,latin,english,greek	0.0146	0.9854	0.8207	0.1793	0.0010	0.9990	0.0000	1.0000	0.0000	1.0000	0.0000	1.0000	nahuatl:huitzilopochtli=6|mexicanos=3|humo=2; spanish:de=266|el=141; french:calmecac=2|esferico=1|etnico=1
1579 Durán	Traducción (es)	413	0	0.0000		nahuatl,spanish,french,latin,english,greek	0.0000	1.0000	0.0000	1.0000	0.0000	1.0000	0.0000	1.0000	0.0000	1.0000	0.0000	1.0000	
1579 Durán	Comentario	413	413	1.0000	nahuatl,spanish	latin,english,greek	0.6683	0.3317	0.9870	0.0130	0.1531	0.8469	0.0000	1.0000	0.0000	1.0000	0.0000	1.0000	nahuatl:no=350|huitzilopochtli=139|mexico=87; spanish:de=4954|el=3645|que=3336; french:el=167|despues=103|mexico=75
1579 Durán	Comentario (es)	413	0	0.0000		nahuatl,spanish,french,latin,english,greek	0.0000	1.0000	0.0000	1.0000	0.0000	1.0000	0.0000	1.0000	0.0000	1.0000	0.0000	1.0000	
1579 Durán	Comentario_wimmer_plus_html	413	0	0.0000		nahuatl,spanish,french,latin,english,greek	0.0000	1.0000	0.0000	1.0000	0.0000	1.0000	0.0000	1.0000	0.0000	1.0000	0.0000	1.0000	
1579 Durán	all_public_text	413	413	1.0000	nahuatl,spanish	latin,english,greek	0.6714	0.3286	0.9975	0.0025	0.1539	0.8461	0.0000	1.0000	0.0000	1.0000	0.0000	1.0000	nahuatl:no=351|huitzilopochtli=145|mexico=87; spanish:de=5220|el=3786|que=3369; french:el=168|despues=103|mexico=75
1580 CF Index	Original	53619	53619	1.0000	nahuatl	spanish,french,latin,english,greek	0.9538	0.0462	0.0000	1.0000	0.0000	1.0000	0.0000	1.0000	0.0000	1.0000	0.0000	1.0000	nahuatl:centlamantli=4|intzontecon=4
1580 CF Index	Editado	53619	53618	1.0000	nahuatl	spanish,french,latin,english,greek	0.9550	0.0450	0.0000	1.0000	0.0000	1.0000	0.0000	1.0000	0.0000	1.0000	0.0000	1.0000	nahuatl:huehuei=12|imacehual=11
1580 CF Index	Traducción	53619	53619	1.0000		nahuatl,spanish,french,latin,english,greek	0.0000	1.0000	0.0000	1.0000	0.0000	1.0000	0.0000	1.0000	0.0000	1.0000	0.0000	1.0000	nahuatl:tliltic=1
1580 CF Index	Traducción (es)	53619	0	0.0000		nahuatl,spanish,french,latin,english,greek	0.0000	1.0000	0.0000	1.0000	0.0000	1.0000	0.0000	1.0000	0.0000	1.0000	0.0000	1.0000	
1580 CF Index	Comentario	53619	0	0.0000		nahuatl,spanish,french,latin,english,greek	0.0000	1.0000	0.0000	1.0000	0.0000	1.0000	0.0000	1.0000	0.0000	1.0000	0.0000	1.0000	
1580 CF Index	Comentario (es)	53619	0	0.0000		nahuatl,spanish,french,latin,english,greek	0.0000	1.0000	0.0000	1.0000	0.0000	1.0000	0.0000	1.0000	0.0000	1.0000	0.0000	1.0000	
1580 CF Index	Comentario_wimmer_plus_html	53619	0	0.0000		nahuatl,spanish,french,latin,english,greek	0.0000	1.0000	0.0000	1.0000	0.0000	1.0000	0.0000	1.0000	0.0000	1.0000	0.0000	1.0000	
1580 CF Index	all_public_text	53619	53619	1.0000		nahuatl,spanish,french,latin,english,greek	0.0000	1.0000	0.0000	1.0000	0.0000	1.0000	0.0000	1.0000	0.0000	1.0000	0.0000	1.0000	nahuatl:tliltic=1
1580 Sahagún/Máynez	Original	2207	2207	1.0000	nahuatl	spanish,french,latin,english,greek	0.9566	0.0434	0.0000	1.0000	0.0000	1.0000	0.0000	1.0000	0.0000	1.0000	0.0000	1.0000	nahuatl:huey=11|chicunahui=8
1580 Sahagún/Máynez	Editado	2207	2205	0.9991	nahuatl	spanish,french,latin,english,greek	0.9566	0.0434	0.0000	1.0000	0.0000	1.0000	0.0000	1.0000	0.0000	1.0000	0.0000	1.0000	nahuatl:huey=11|chiucnahui=8
1580 Sahagún/Máynez	Traducción	2207	2205	0.9991	spanish	nahuatl,french,latin,english,greek	0.0137	0.9863	0.8125	0.1875	0.0022	0.9978	0.0000	1.0000	0.0000	1.0000	0.0000	1.0000	nahuatl:mexicano=10|quetzal=8|mexico=7; spanish:de=1143|el=710; french:mexico=7|autentico=6|luciernaga=4
1580 Sahagún/Máynez	Traducción (es)	2207	0	0.0000		nahuatl,spanish,french,latin,english,greek	0.0000	1.0000	0.0000	1.0000	0.0000	1.0000	0.0000	1.0000	0.0000	1.0000	0.0000	1.0000	
1580 Sahagún/Máynez	Comentario	2207	2207	1.0000	nahuatl,spanish	latin,english,greek	0.6382	0.3618	0.9291	0.0709	0.0762	0.9238	0.0000	1.0000	0.0000	1.0000	0.0000	1.0000	nahuatl:no=665|mexico=244|mexicanos=168; spanish:de=9575|el=7370|que=7201; french:tambien=807|despues=261|mexico=218
1580 Sahagún/Máynez	Comentario (es)	2207	0	0.0000		nahuatl,spanish,french,latin,english,greek	0.0000	1.0000	0.0000	1.0000	0.0000	1.0000	0.0000	1.0000	0.0000	1.0000	0.0000	1.0000	
1580 Sahagún/Máynez	Comentario_wimmer_plus_html	2207	0	0.0000		nahuatl,spanish,french,latin,english,greek	0.0000	1.0000	0.0000	1.0000	0.0000	1.0000	0.0000	1.0000	0.0000	1.0000	0.0000	1.0000	
1580 Sahagún/Máynez	all_public_text	2207	2207	1.0000	nahuatl,spanish	latin,english,greek	0.6414	0.3586	0.9862	0.0138	0.0780	0.9220	0.0000	1.0000	0.0000	1.0000	0.0000	1.0000	nahuatl:no=669|mexico=251|mexicanos=169; spanish:de=10718|el=8080|que=7393; french:tambien=808|despues=261|mexico=225
1595 Rincón	Original	705	705	1.0000	nahuatl	spanish,french,latin,english,greek	0.9536	0.0464	0.0000	1.0000	0.0000	1.0000	0.0000	1.0000	0.0000	1.0000	0.0000	1.0000	nahuatl:auatl=3|patla=3
1595 Rincón	Editado	705	704	0.9986	nahuatl	spanish,french,latin,english,greek	0.9545	0.0455	0.0000	1.0000	0.0000	1.0000	0.0000	1.0000	0.0000	1.0000	0.0000	1.0000	nahuatl:ahuatl=3|patla=3
1595 Rincón	Traducción	705	705	1.0000	spanish	nahuatl,french,latin,english,greek	0.0047	0.9953	0.8127	0.1873	0.0007	0.9993	0.0002	0.9998	0.0000	1.0000	0.0000	1.0000	nahuatl:huir=2|nahuas=2|ma=2; spanish:el=94|la=91; french:ire=1|tambien=1|mexico=1; latin:vel=1
1595 Rincón	Traducción (es)	705	0	0.0000		nahuatl,spanish,french,latin,english,greek	0.0000	1.0000	0.0000	1.0000	0.0000	1.0000	0.0000	1.0000	0.0000	1.0000	0.0000	1.0000	
1595 Rincón	Comentario	705	0	0.0000		nahuatl,spanish,french,latin,english,greek	0.0000	1.0000	0.0000	1.0000	0.0000	1.0000	0.0000	1.0000	0.0000	1.0000	0.0000	1.0000	
1595 Rincón	Comentario (es)	705	0	0.0000		nahuatl,spanish,french,latin,english,greek	0.0000	1.0000	0.0000	1.0000	0.0000	1.0000	0.0000	1.0000	0.0000	1.0000	0.0000	1.0000	
1595 Rincón	Comentario_wimmer_plus_html	705	0	0.0000		nahuatl,spanish,french,latin,english,greek	0.0000	1.0000	0.0000	1.0000	0.0000	1.0000	0.0000	1.0000	0.0000	1.0000	0.0000	1.0000	
1595 Rincón	all_public_text	705	705	1.0000	spanish	nahuatl,french,latin,english,greek	0.0047	0.9953	0.8127	0.1873	0.0007	0.9993	0.0002	0.9998	0.0000	1.0000	0.0000	1.0000	nahuatl:huir=2|nahuas=2|ma=2; spanish:el=94|la=91; french:ire=1|tambien=1|mexico=1; latin:vel=1
1598 Tezozomoc	Original	1887	1887	1.0000	nahuatl	spanish,french,latin,english,greek	0.9556	0.0444	0.0000	1.0000	0.0000	1.0000	0.0000	1.0000	0.0000	1.0000	0.0000	1.0000	nahuatl:acatl=3|atl=3
1598 Tezozomoc	Editado	1887	1887	1.0000	nahuatl	spanish,french,latin,english,greek	0.9561	0.0439	0.0000	1.0000	0.0000	1.0000	0.0000	1.0000	0.0000	1.0000	0.0000	1.0000	nahuatl:teuctli=7|huei=7
1598 Tezozomoc	Traducción	1887	1887	1.0000	spanish	nahuatl,french,latin,english,greek	0.0288	0.9712	0.8004	0.1996	0.0019	0.9981	0.0000	1.0000	0.0000	1.0000	0.0000	1.0000	nahuatl:huitzilopochtli=10|no=6|tlacaeleltzin=6; spanish:de=591|toponimo=415; french:genero=10|henequen=6|cipres=4
1598 Tezozomoc	Traducción (es)	1887	0	0.0000		nahuatl,spanish,french,latin,english,greek	0.0000	1.0000	0.0000	1.0000	0.0000	1.0000	0.0000	1.0000	0.0000	1.0000	0.0000	1.0000	
1598 Tezozomoc	Comentario	1887	1551	0.8219	nahuatl,spanish	latin,english,greek	0.7637	0.2363	0.9505	0.0495	0.1526	0.8474	0.0000	1.0000	0.0002	0.9998	0.0000	1.0000	nahuatl:mexicanos=1799|no=1083|huitzilopochtli=566; spanish:de=21745|los=11173|el=10250; french:mexico=518|genero=376|el=310; english:be=2
1598 Tezozomoc	Comentario (es)	1887	0	0.0000		nahuatl,spanish,french,latin,english,greek	0.0000	1.0000	0.0000	1.0000	0.0000	1.0000	0.0000	1.0000	0.0000	1.0000	0.0000	1.0000	
1598 Tezozomoc	Comentario_wimmer_plus_html	1887	0	0.0000		nahuatl,spanish,french,latin,english,greek	0.0000	1.0000	0.0000	1.0000	0.0000	1.0000	0.0000	1.0000	0.0000	1.0000	0.0000	1.0000	
1598 Tezozomoc	all_public_text	1887	1887	1.0000	nahuatl,spanish	latin,english,greek	0.6506	0.3494	0.9521	0.0479	0.1268	0.8732	0.0000	1.0000	0.0002	0.9998	0.0000	1.0000	nahuatl:mexicanos=1802|no=1089|huitzilopochtli=576; spanish:de=22336|los=11229|el=10309; french:mexico=518|genero=386|el=311; english:be=2
1611 Arenas	Original	2165	2165	1.0000	nahuatl	spanish,french,latin,english,greek	0.9561	0.0439	0.0000	1.0000	0.0000	1.0000	0.0000	1.0000	0.0000	1.0000	0.0000	1.0000	nahuatl:huel=110|tli=41
1611 Arenas	Editado	2165	2135	0.9861	nahuatl	spanish,french,latin,english,greek	0.9565	0.0435	0.0000	1.0000	0.0000	1.0000	0.0000	1.0000	0.0000	1.0000	0.0000	1.0000	nahuatl:huel=108|amo=88
1611 Arenas	Traducción	2165	2165	1.0000	spanish	nahuatl,french,latin,english,greek	0.0077	0.9923	0.7947	0.2053	0.0027	0.9973	0.0000	1.0000	0.0000	1.0000	0.0000	1.0000	nahuatl:no=83|amo=4|anca=2; spanish:de=138|que=91; french:que=26|despues=11|el=9
1611 Arenas	Traducción (es)	2165	0	0.0000		nahuatl,spanish,french,latin,english,greek	0.0000	1.0000	0.0000	1.0000	0.0000	1.0000	0.0000	1.0000	0.0000	1.0000	0.0000	1.0000	
1611 Arenas	Comentario	2165	2165	1.0000	nahuatl,spanish	latin,english,greek	0.5390	0.4610	0.8208	0.1792	0.0573	0.9427	0.0000	1.0000	0.0000	1.0000	0.0000	1.0000	nahuatl:huel=1542|in=1261|no=848; spanish:que=5814|se=4515|de=3824; french:que=263|despues=139|habiendole=97
1611 Arenas	Comentario (es)	2165	0	0.0000		nahuatl,spanish,french,latin,english,greek	0.0000	1.0000	0.0000	1.0000	0.0000	1.0000	0.0000	1.0000	0.0000	1.0000	0.0000	1.0000	
1611 Arenas	Comentario_wimmer_plus_html	2165	0	0.0000		nahuatl,spanish,french,latin,english,greek	0.0000	1.0000	0.0000	1.0000	0.0000	1.0000	0.0000	1.0000	0.0000	1.0000	0.0000	1.0000	
1611 Arenas	all_public_text	2165	2165	1.0000	nahuatl,spanish	latin,english,greek	0.5410	0.4590	0.9616	0.0384	0.0592	0.9408	0.0000	1.0000	0.0000	1.0000	0.0000	1.0000	nahuatl:huel=1542|in=1261|no=931; spanish:que=5905|se=4518|de=3962; french:que=289|despues=150|habiendole=97
1629 Alarcón	Original	1566	1565	0.9994	nahuatl	spanish,french,latin,english,greek	0.9575	0.0425	0.0000	1.0000	0.0000	1.0000	0.0000	1.0000	0.0000	1.0000	0.0000	1.0000	nahuatl:tli=66|tlamacazqui=66
1629 Alarcón	Editado	1566	1549	0.9891	nahuatl	spanish,french,latin,english,greek	0.9574	0.0426	0.0000	1.0000	0.0000	1.0000	0.0000	1.0000	0.0000	1.0000	0.0000	1.0000	nahuatl:tlamacazqui=66|amo=28
1629 Alarcón	Traducción	1566	1565	0.9994	spanish	nahuatl,french,latin,english,greek	0.0198	0.9802	0.8146	0.1854	0.0049	0.9951	0.0000	1.0000	0.0000	1.0000	0.0000	1.0000	nahuatl:no=45|huerfano=13|xochiquetzal=11; spanish:de=500|el=484; french:el=32|huerfano=13|aguero=9
1629 Alarcón	Traducción (es)	1566	0	0.0000		nahuatl,spanish,french,latin,english,greek	0.0000	1.0000	0.0000	1.0000	0.0000	1.0000	0.0000	1.0000	0.0000	1.0000	0.0000	1.0000	
1629 Alarcón	Comentario	1566	1565	0.9994	nahuatl,spanish	latin,english,greek	0.9485	0.0515	0.9905	0.0095	0.2750	0.7250	0.0022	0.9978	0.0000	1.0000	0.0000	1.0000	nahuatl:in=7689|tla=5464|no=2780; spanish:el=17569|de=14651|que=14583; french:amo=649|tambien=610|que=428; latin:vel=21
1629 Alarcón	Comentario (es)	1566	0	0.0000		nahuatl,spanish,french,latin,english,greek	0.0000	1.0000	0.0000	1.0000	0.0000	1.0000	0.0000	1.0000	0.0000	1.0000	0.0000	1.0000	
1629 Alarcón	Comentario_wimmer_plus_html	1566	0	0.0000		nahuatl,spanish,french,latin,english,greek	0.0000	1.0000	0.0000	1.0000	0.0000	1.0000	0.0000	1.0000	0.0000	1.0000	0.0000	1.0000	
1629 Alarcón	all_public_text	1566	1566	1.0000	nahuatl,spanish	latin,english,greek	0.9492	0.0508	0.9980	0.0020	0.2777	0.7223	0.0022	0.9978	0.0000	1.0000	0.0000	1.0000	nahuatl:in=7689|tla=5464|no=2825; spanish:el=18053|de=15151|que=14783; french:amo=649|tambien=611|que=431; latin:vel=21
1645 Carochi	Original	2728	2728	1.0000	nahuatl	spanish,french,latin,english,greek	0.9559	0.0441	0.0000	1.0000	0.0000	1.0000	0.0000	1.0000	0.0000	1.0000	0.0000	1.0000	nahuatl:nitla=119|nitetla=84
1645 Carochi	Editado	2728	2716	0.9956	nahuatl	spanish,french,latin,english,greek	0.9555	0.0445	0.0000	1.0000	0.0000	1.0000	0.0000	1.0000	0.0000	1.0000	0.0000	1.0000	nahuatl:zan=82|in=59
1645 Carochi	Traducción	2728	2728	1.0000	spanish	nahuatl,french,latin,english,greek	0.0337	0.9663	0.8111	0.1889	0.0085	0.9915	0.0000	1.0000	0.0000	1.0000	0.0000	1.0000	nahuatl:no=164|zan=114|in=55; spanish:de=470|que=250; french:vease=89|que=35|amo=20
1645 Carochi	Traducción (es)	2728	0	0.0000		nahuatl,spanish,french,latin,english,greek	0.0000	1.0000	0.0000	1.0000	0.0000	1.0000	0.0000	1.0000	0.0000	1.0000	0.0000	1.0000	
1645 Carochi	Comentario	2728	2728	1.0000	nahuatl,spanish	english,greek	0.6910	0.3090	0.8022	0.1978	0.2351	0.7649	0.0723	0.9277	0.0000	1.0000	0.0000	1.0000	nahuatl:in=8363|amo=3383|no=2633; spanish:de=6283|que=5376|el=4258; french:amo=1072|que=387|despues=277; latin:vel=1445
1645 Carochi	Comentario (es)	2728	0	0.0000		nahuatl,spanish,french,latin,english,greek	0.0000	1.0000	0.0000	1.0000	0.0000	1.0000	0.0000	1.0000	0.0000	1.0000	0.0000	1.0000	
1645 Carochi	Comentario_wimmer_plus_html	2728	0	0.0000		nahuatl,spanish,french,latin,english,greek	0.0000	1.0000	0.0000	1.0000	0.0000	1.0000	0.0000	1.0000	0.0000	1.0000	0.0000	1.0000	
1645 Carochi	all_public_text	2728	2728	1.0000	nahuatl,spanish	english,greek	0.6944	0.3056	0.9602	0.0398	0.2395	0.7605	0.0723	0.9277	0.0000	1.0000	0.0000	1.0000	nahuatl:in=8418|amo=3427|no=2797; spanish:de=6753|que=5626|el=4486; french:amo=1092|que=422|despues=295; latin:vel=1445
1692 Guerra	Original	919	919	1.0000	nahuatl	spanish,french,latin,english,greek	0.9549	0.0451	0.0000	1.0000	0.0000	1.0000	0.0000	1.0000	0.0000	1.0000	0.0000	1.0000	nahuatl:amo=18|zan=10
1692 Guerra	Editado	919	919	1.0000	nahuatl	spanish,french,latin,english,greek	0.9552	0.0448	0.0000	1.0000	0.0000	1.0000	0.0000	1.0000	0.0000	1.0000	0.0000	1.0000	nahuatl:amo=14|huel=6
1692 Guerra	Traducción	919	919	1.0000	spanish	nahuatl,french,latin,english,greek	0.0033	0.9967	0.7988	0.2012	0.0013	0.9987	0.0011	0.9989	0.0000	1.0000	0.0000	1.0000	nahuatl:no=8|hurto=2|amo=2; spanish:el=308|la=161; french:verguenza=6|tambien=3|despues=2; latin:vel=6
1692 Guerra	Traducción (es)	919	0	0.0000		nahuatl,spanish,french,latin,english,greek	0.0000	1.0000	0.0000	1.0000	0.0000	1.0000	0.0000	1.0000	0.0000	1.0000	0.0000	1.0000	
1692 Guerra	Comentario	919	145	0.1578	spanish	french,latin,english,greek	0.1042	0.8958	0.4692	0.5308	0.0068	0.9932	0.0000	1.0000	0.0000	1.0000	0.0000	1.0000	nahuatl:tayohua=2|ixtlaca=2|atl=2; spanish:le=5|en=2; french:voir=2|laisse=1|atteste=1
1692 Guerra	Comentario (es)	919	0	0.0000		nahuatl,spanish,french,latin,english,greek	0.0000	1.0000	0.0000	1.0000	0.0000	1.0000	0.0000	1.0000	0.0000	1.0000	0.0000	1.0000	
1692 Guerra	Comentario_wimmer_plus_html	919	0	0.0000		nahuatl,spanish,french,latin,english,greek	0.0000	1.0000	0.0000	1.0000	0.0000	1.0000	0.0000	1.0000	0.0000	1.0000	0.0000	1.0000	
1692 Guerra	all_public_text	919	919	1.0000	spanish	nahuatl,french,latin,english,greek	0.0197	0.9803	0.8136	0.1864	0.0024	0.9976	0.0011	0.9989	0.0000	1.0000	0.0000	1.0000	nahuatl:no=8|tayohua=2|huevos=2; spanish:el=308|la=162; french:verguenza=6|tambien=3|voir=2; latin:vel=6
1759 Paredes	Original	2023	2023	1.0000	nahuatl	spanish,french,latin,english,greek	0.9566	0.0434	0.0000	1.0000	0.0000	1.0000	0.0000	1.0000	0.0000	1.0000	0.0000	1.0000	nahuatl:tli=71|in=61
1759 Paredes	Editado	2023	2023	1.0000	nahuatl	spanish,french,latin,english,greek	0.9565	0.0435	0.0000	1.0000	0.0000	1.0000	0.0000	1.0000	0.0000	1.0000	0.0000	1.0000	nahuatl:in=62|huel=46
1759 Paredes	Traducción	2023	2023	1.0000	spanish	nahuatl,french,latin,english,greek	0.0078	0.9922	0.7987	0.2013	0.0031	0.9969	0.0000	1.0000	0.0000	1.0000	0.0000	1.0000	nahuatl:no=30|amo=8|tenahuatilli=4; spanish:de=311|el=148; french:vease=31|el=6|genero=5
1759 Paredes	Traducción (es)	2023	0	0.0000		nahuatl,spanish,french,latin,english,greek	0.0000	1.0000	0.0000	1.0000	0.0000	1.0000	0.0000	1.0000	0.0000	1.0000	0.0000	1.0000	
1759 Paredes	Comentario	2023	2023	1.0000	nahuatl,spanish	french,latin,english,greek	0.7931	0.2069	0.8375	0.1625	0.0352	0.9648	0.0000	1.0000	0.0000	1.0000	0.0000	1.0000	nahuatl:in=3912|ihuan=2259|ca=1346; spanish:de=4050|el=3209|platica=2395; french:es=268|septimo=130|evangelicos=90
1759 Paredes	Comentario (es)	2023	0	0.0000		nahuatl,spanish,french,latin,english,greek	0.0000	1.0000	0.0000	1.0000	0.0000	1.0000	0.0000	1.0000	0.0000	1.0000	0.0000	1.0000	
1759 Paredes	Comentario_wimmer_plus_html	2023	0	0.0000		nahuatl,spanish,french,latin,english,greek	0.0000	1.0000	0.0000	1.0000	0.0000	1.0000	0.0000	1.0000	0.0000	1.0000	0.0000	1.0000	
1759 Paredes	all_public_text	2023	2023	1.0000	nahuatl,spanish	french,latin,english,greek	0.7942	0.2058	0.9662	0.0338	0.0380	0.9620	0.0000	1.0000	0.0000	1.0000	0.0000	1.0000	nahuatl:in=3913|ihuan=2259|ca=1346; spanish:de=4361|el=3357|platica=2395; french:es=268|septimo=130|evangelicos=91
1765 Cortés y Zedeño	Original	4724	4724	1.0000	nahuatl	spanish,french,latin,english,greek	0.9532	0.0468	0.0000	1.0000	0.0000	1.0000	0.0000	1.0000	0.0000	1.0000	0.0000	1.0000	nahuatl:amo=236|hual=117
1765 Cortés y Zedeño	Editado	4724	4724	1.0000	nahuatl	spanish,french,latin,english,greek	0.9559	0.0441	0.0000	1.0000	0.0000	1.0000	0.0000	1.0000	0.0000	1.0000	0.0000	1.0000	nahuatl:amo=258|hual=117
1765 Cortés y Zedeño	Traducción	4724	4724	1.0000	spanish	nahuatl,french,latin,english,greek	0.0036	0.9964	0.7912	0.2088	0.0007	0.9993	0.0001	0.9999	0.0000	1.0000	0.0000	1.0000	nahuatl:no=35|huerfano=5|amo=4; spanish:de=441|cosa=221; french:huerfano=5|despues=5|termino=5; latin:vel=2
1765 Cortés y Zedeño	Traducción (es)	4724	0	0.0000		nahuatl,spanish,french,latin,english,greek	0.0000	1.0000	0.0000	1.0000	0.0000	1.0000	0.0000	1.0000	0.0000	1.0000	0.0000	1.0000	
1765 Cortés y Zedeño	Comentario	4724	57	0.0121	spanish	nahuatl,french,latin,english,greek	0.0026	0.9974	0.4683	0.5317	0.0015	0.9985	0.0000	1.0000	0.0000	1.0000	0.0000	1.0000	nahuatl:cexihuit=1; spanish:de=1|tambien=1; french:tambien=1
1765 Cortés y Zedeño	Comentario (es)	4724	0	0.0000		nahuatl,spanish,french,latin,english,greek	0.0000	1.0000	0.0000	1.0000	0.0000	1.0000	0.0000	1.0000	0.0000	1.0000	0.0000	1.0000	
1765 Cortés y Zedeño	Comentario_wimmer_plus_html	4724	0	0.0000		nahuatl,spanish,french,latin,english,greek	0.0000	1.0000	0.0000	1.0000	0.0000	1.0000	0.0000	1.0000	0.0000	1.0000	0.0000	1.0000	
1765 Cortés y Zedeño	all_public_text	4724	4724	1.0000	spanish	nahuatl,french,latin,english,greek	0.0037	0.9963	0.7924	0.2076	0.0007	0.9993	0.0001	0.9999	0.0000	1.0000	0.0000	1.0000	nahuatl:no=35|huerfano=5|amo=4; spanish:de=442|cosa=221; french:huerfano=5|despues=5|termino=5; latin:vel=2
1780 ? Bnf_361	Original	28260	28260	1.0000	nahuatl	spanish,french,latin,english,greek	0.9563	0.0437	0.0000	1.0000	0.0000	1.0000	0.0000	1.0000	0.0000	1.0000	0.0000	1.0000	nahuatl:nitla=1448|amo=560
1780 ? Bnf_361	Editado	28260	28229	0.9989	nahuatl	spanish,french,latin,english,greek	0.9569	0.0431	0.0000	1.0000	0.0000	1.0000	0.0000	1.0000	0.0000	1.0000	0.0000	1.0000	nahuatl:amo=614|zan=428
1780 ? Bnf_361	Traducción	28260	28246	0.9995	spanish	nahuatl,french,latin,english,greek	0.0141	0.9859	0.8114	0.1886	0.0017	0.9983	0.0000	1.0000	0.0000	1.0000	0.0000	1.0000	nahuatl:tla=1434|no=423|huesos=44; spanish:de=8747|el=3292; french:despues=46|verguenza=40|sur=26; latin:vel=2|onis=1; english:artificial=1|enter=1
1780 ? Bnf_361	Traducción (es)	28260	0	0.0000		nahuatl,spanish,french,latin,english,greek	0.0000	1.0000	0.0000	1.0000	0.0000	1.0000	0.0000	1.0000	0.0000	1.0000	0.0000	1.0000	
1780 ? Bnf_361	Comentario	28260	4981	0.1763	spanish	french,latin,english,greek	0.1156	0.8844	0.4801	0.5199	0.0100	0.9900	0.0001	0.9999	0.0000	1.0000	0.0000	1.0000	nahuatl:nitla=149|zan=58|amo=48; spanish:ni=176|entre=125; french:dans=55|ajoute=50|sur=25; latin:vel=4
1780 ? Bnf_361	Comentario (es)	28260	0	0.0000		nahuatl,spanish,french,latin,english,greek	0.0000	1.0000	0.0000	1.0000	0.0000	1.0000	0.0000	1.0000	0.0000	1.0000	0.0000	1.0000	
1780 ? Bnf_361	Comentario_wimmer_plus_html	28260	0	0.0000		nahuatl,spanish,french,latin,english,greek	0.0000	1.0000	0.0000	1.0000	0.0000	1.0000	0.0000	1.0000	0.0000	1.0000	0.0000	1.0000	
1780 ? Bnf_361	all_public_text	28260	28256	0.9999	spanish	nahuatl,french,latin,english,greek	0.0342	0.9658	0.8274	0.1726	0.0035	0.9965	0.0000	1.0000	0.0000	1.0000	0.0000	1.0000	nahuatl:tla=1445|no=449|nitla=154; spanish:de=8867; french:dans=55|sur=51|ajoute=50; latin:vel=6|onis=1; english:artificial=1|enter=1
1780 Clavijero	Original	3303	3303	1.0000	nahuatl	spanish,french,latin,english,greek	0.9559	0.0441	0.0000	1.0000	0.0000	1.0000	0.0000	1.0000	0.0000	1.0000	0.0000	1.0000	nahuatl:nitla=264|nitetla=18
1780 Clavijero	Editado	3303	3264	0.9882	nahuatl	spanish,french,latin,english,greek	0.9557	0.0443	0.0000	1.0000	0.0000	1.0000	0.0000	1.0000	0.0000	1.0000	0.0000	1.0000	nahuatl:zan=12|amo=8
1780 Clavijero	Traducción	3303	3262	0.9876	spanish	nahuatl,french,latin,english,greek	0.0114	0.9886	0.7998	0.2002	0.0067	0.9933	0.0002	0.9998	0.0000	1.0000	0.0000	1.0000	nahuatl:no=31|mexico=18|mexicano=12; spanish:de=627|que=244; french:vease=134|mexico=18|etcetera=16; latin:vel=4
1780 Clavijero	Traducción (es)	3303	0	0.0000		nahuatl,spanish,french,latin,english,greek	0.0000	1.0000	0.0000	1.0000	0.0000	1.0000	0.0000	1.0000	0.0000	1.0000	0.0000	1.0000	
1780 Clavijero	Comentario	3303	636	0.1926	nahuatl,spanish	latin,english,greek	0.5031	0.4969	0.7232	0.2768	0.0930	0.9070	0.0011	0.9989	0.0000	1.0000	0.0000	1.0000	nahuatl:in=361|no=208|zan=202; spanish:el=596|de=554; french:etcetera=81|tambien=74|amo=58; latin:vel=4
1780 Clavijero	Comentario (es)	3303	0	0.0000		nahuatl,spanish,french,latin,english,greek	0.0000	1.0000	0.0000	1.0000	0.0000	1.0000	0.0000	1.0000	0.0000	1.0000	0.0000	1.0000	
1780 Clavijero	Comentario_wimmer_plus_html	3303	0	0.0000		nahuatl,spanish,french,latin,english,greek	0.0000	1.0000	0.0000	1.0000	0.0000	1.0000	0.0000	1.0000	0.0000	1.0000	0.0000	1.0000	
1780 Clavijero	all_public_text	3303	3273	0.9909	spanish	french,latin,english,greek	0.1078	0.8922	0.8249	0.1751	0.0246	0.9754	0.0004	0.9996	0.0000	1.0000	0.0000	1.0000	nahuatl:in=365|no=239|zan=202; spanish:de=1181|el=823; french:vease=154|etcetera=97|tambien=87; latin:vel=8
17?? Bnf_362	Original	5136	5135	0.9998	nahuatl	spanish,french,latin,english,greek	0.9557	0.0443	0.0000	1.0000	0.0000	1.0000	0.0000	1.0000	0.0000	1.0000	0.0000	1.0000	nahuatl:nitla=137|zan=32
17?? Bnf_362	Editado	5136	5133	0.9994	nahuatl	spanish,french,latin,english,greek	0.9557	0.0443	0.0000	1.0000	0.0000	1.0000	0.0000	1.0000	0.0000	1.0000	0.0000	1.0000	nahuatl:zan=36|amo=36
17?? Bnf_362	Traducción	5136	5136	1.0000	spanish	nahuatl,french,latin,english,greek	0.0108	0.9892	0.8115	0.1885	0.0034	0.9966	0.0000	1.0000	0.0000	1.0000	0.0000	1.0000	nahuatl:tla=172|no=44|tetla=12; spanish:de=908|el=792; french:tambien=102|etcetera=21|termino=17
17?? Bnf_362	Traducción (es)	5136	0	0.0000		nahuatl,spanish,french,latin,english,greek	0.0000	1.0000	0.0000	1.0000	0.0000	1.0000	0.0000	1.0000	0.0000	1.0000	0.0000	1.0000	
17?? Bnf_362	Comentario	5136	373	0.0726	spanish	french,latin,english,greek	0.0941	0.9059	0.4659	0.5341	0.0049	0.9951	0.0000	1.0000	0.0000	1.0000	0.0000	1.0000	nahuatl:ahuachia=3|tocaitl=2|ahuitequi=2; spanish:atteste=5|atteestee=1; french:atteste=5|dans=3|pour=2
17?? Bnf_362	Comentario (es)	5136	0	0.0000		nahuatl,spanish,french,latin,english,greek	0.0000	1.0000	0.0000	1.0000	0.0000	1.0000	0.0000	1.0000	0.0000	1.0000	0.0000	1.0000	
17?? Bnf_362	Comentario_wimmer_plus_html	5136	0	0.0000		nahuatl,spanish,french,latin,english,greek	0.0000	1.0000	0.0000	1.0000	0.0000	1.0000	0.0000	1.0000	0.0000	1.0000	0.0000	1.0000	
17?? Bnf_362	all_public_text	5136	5136	1.0000	spanish	nahuatl,french,latin,english,greek	0.0176	0.9824	0.8181	0.1819	0.0037	0.9963	0.0000	1.0000	0.0000	1.0000	0.0000	1.0000	nahuatl:tla=172|no=44|tetla=12; spanish:de=908|el=792; french:tambien=102|etcetera=21|termino=17
17?? Bnf_362bis	Original	920	920	1.0000	nahuatl	spanish,french,latin,english,greek	0.9572	0.0428	0.0000	1.0000	0.0000	1.0000	0.0000	1.0000	0.0000	1.0000	0.0000	1.0000	nahuatl:zan=126|huel=62
17?? Bnf_362bis	Editado	920	902	0.9804	nahuatl	spanish,french,latin,english,greek	0.9571	0.0429	0.0000	1.0000	0.0000	1.0000	0.0000	1.0000	0.0000	1.0000	0.0000	1.0000	nahuatl:zan=124|in=60
17?? Bnf_362bis	Traducción	920	916	0.9957	spanish	french,latin,english,greek	0.0916	0.9084	0.8439	0.1561	0.0135	0.9865	0.0013	0.9987	0.0000	1.0000	0.0000	1.0000	nahuatl:no=124|huel=64|zan=44; spanish:de=396|que=301; french:despues=30|tambien=29|etcetera=16; latin:vel=7
17?? Bnf_362bis	Traducción (es)	920	0	0.0000		nahuatl,spanish,french,latin,english,greek	0.0000	1.0000	0.0000	1.0000	0.0000	1.0000	0.0000	1.0000	0.0000	1.0000	0.0000	1.0000	
17?? Bnf_362bis	Comentario	920	608	0.6609	nahuatl,spanish	french,latin,english,greek	0.8074	0.1926	0.7862	0.2138	0.0412	0.9588	0.0068	0.9932	0.0000	1.0000	0.0000	1.0000	nahuatl:in=1170|zan=568|amo=527; spanish:de=848|que=780|el=646; french:despues=50|tambien=33|preterito=21; latin:vel=25
17?? Bnf_362bis	Comentario (es)	920	0	0.0000		nahuatl,spanish,french,latin,english,greek	0.0000	1.0000	0.0000	1.0000	0.0000	1.0000	0.0000	1.0000	0.0000	1.0000	0.0000	1.0000	
17?? Bnf_362bis	Comentario_wimmer_plus_html	920	0	0.0000		nahuatl,spanish,french,latin,english,greek	0.0000	1.0000	0.0000	1.0000	0.0000	1.0000	0.0000	1.0000	0.0000	1.0000	0.0000	1.0000	
17?? Bnf_362bis	all_public_text	920	919	0.9989	nahuatl,spanish	french,latin,english,greek	0.5762	0.4238	0.9159	0.0841	0.0401	0.9599	0.0057	0.9943	0.0000	1.0000	0.0000	1.0000	nahuatl:in=1185|zan=612|no=600; spanish:de=1244|que=1081; french:despues=80|tambien=62|preterito=33; latin:vel=32
1984 Tzinacapan	Original	2940	2940	1.0000	nahuatl	spanish,french,latin,english,greek	0.9503	0.0497	0.0000	1.0000	0.0000	1.0000	0.0000	1.0000	0.0000	1.0000	0.0000	1.0000	nahuatl:amo=4|achto=2
1984 Tzinacapan	Editado	2940	2939	0.9997	nahuatl	spanish,french,latin,english,greek	0.9548	0.0452	0.0000	1.0000	0.0000	1.0000	0.0000	1.0000	0.0000	1.0000	0.0000	1.0000	nahuatl:hueyi=13|amo=6
1984 Tzinacapan	Traducción	2940	2940	1.0000	spanish	nahuatl,french,latin,english,greek	0.0052	0.9948	0.7943	0.2057	0.0012	0.9988	0.0000	1.0000	0.0000	1.0000	0.0000	1.0000	nahuatl:no=14|humedo=6|ahumar=5; spanish:de=300|el=224; french:cafe=11|despues=4|debil=4
1984 Tzinacapan	Traducción (es)	2940	0	0.0000		nahuatl,spanish,french,latin,english,greek	0.0000	1.0000	0.0000	1.0000	0.0000	1.0000	0.0000	1.0000	0.0000	1.0000	0.0000	1.0000	
1984 Tzinacapan	Comentario	2940	1082	0.3680	spanish	nahuatl,french,latin,english,greek	0.0095	0.9905	0.5425	0.4575	0.0345	0.9655	0.0000	1.0000	0.0000	1.0000	0.0000	1.0000	nahuatl:amo=8|in=7|huele=7; spanish:lo=482|se=287; french:el=26|metsti=15|motemaka=12
1984 Tzinacapan	Comentario (es)	2940	0	0.0000		nahuatl,spanish,french,latin,english,greek	0.0000	1.0000	0.0000	1.0000	0.0000	1.0000	0.0000	1.0000	0.0000	1.0000	0.0000	1.0000	
1984 Tzinacapan	Comentario_wimmer_plus_html	2940	0	0.0000		nahuatl,spanish,french,latin,english,greek	0.0000	1.0000	0.0000	1.0000	0.0000	1.0000	0.0000	1.0000	0.0000	1.0000	0.0000	1.0000	
1984 Tzinacapan	all_public_text	2940	2940	1.0000	spanish	nahuatl,french,latin,english,greek	0.0085	0.9915	0.8355	0.1645	0.0139	0.9861	0.0000	1.0000	0.0000	1.0000	0.0000	1.0000	nahuatl:no=21|amo=10|ahumar=9; spanish:lo=494; french:el=26|metsti=15|motemaka=12
1992 Karttunen	Original	6407	6407	1.0000	nahuatl	spanish,french,latin,english,greek	0.9553	0.0447	0.0000	1.0000	0.0000	1.0000	0.0000	1.0000	0.0000	1.0000	0.0000	1.0000	nahuatl:tli=729|in=60
1992 Karttunen	Editado	6407	6407	1.0000	nahuatl	spanish,french,latin,english,greek	0.9552	0.0448	0.0000	1.0000	0.0000	1.0000	0.0000	1.0000	0.0000	1.0000	0.0000	1.0000	nahuatl:zan=4|ahua=3
1992 Karttunen	Traducción	6407	6406	0.9998	english	nahuatl,spanish,french,latin,greek	0.0282	0.9718	0.0354	0.9646	0.0030	0.9970	0.0000	1.0000	0.8723	0.1277	0.0001	0.9999	nahuatl:in=469|no=122|huevo=15; spanish:de=1531|el=1329|lo=850; french:que=35|el=29|despues=16; latin:vel=1; english:the=584|be=361; greek:greek-script=1
1992 Karttunen	Traducción (es)	6407	0	0.0000		nahuatl,spanish,french,latin,english,greek	0.0000	1.0000	0.0000	1.0000	0.0000	1.0000	0.0000	1.0000	0.0000	1.0000	0.0000	1.0000	
1992 Karttunen	Comentario	6407	6405	0.9997	nahuatl,english	spanish,french,latin,greek	0.3609	0.6391	0.0357	0.9643	0.0031	0.9969	0.0000	1.0000	0.7315	0.2685	0.0001	0.9999	nahuatl:tli=767|in=645; spanish:de=1533|el=1331|lo=853; french:que=35|el=29|despues=16; latin:vel=1; english:the=750|with=415; greek:greek-script=1
1992 Karttunen	Comentario (es)	6407	0	0.0000		nahuatl,spanish,french,latin,english,greek	0.0000	1.0000	0.0000	1.0000	0.0000	1.0000	0.0000	1.0000	0.0000	1.0000	0.0000	1.0000	
1992 Karttunen	Comentario_wimmer_plus_html	6407	0	0.0000		nahuatl,spanish,french,latin,english,greek	0.0000	1.0000	0.0000	1.0000	0.0000	1.0000	0.0000	1.0000	0.0000	1.0000	0.0000	1.0000	
1992 Karttunen	all_public_text	6407	6407	1.0000	nahuatl,english	french,latin,greek	0.3754	0.6246	0.0564	0.9436	0.0058	0.9942	0.0000	1.0000	0.9652	0.0348	0.0001	0.9999	nahuatl:in=1114|tli=767; spanish:de=3064|el=2660|lo=1703; french:que=70|el=58|despues=32; latin:vel=2; english:the=1334; greek:greek-script=2
2002 Mecayapan	Original	3183	3183	1.0000	nahuatl	spanish,french,latin,english,greek	0.9527	0.0473	0.0000	1.0000	0.0000	1.0000	0.0000	1.0000	0.0000	1.0000	0.0000	1.0000	nahuatl:ihuan=8|quen=8
2002 Mecayapan	Editado	3183	3176	0.9978	nahuatl	spanish,french,latin,english,greek	0.9538	0.0462	0.0000	1.0000	0.0000	1.0000	0.0000	1.0000	0.0000	1.0000	0.0000	1.0000	nahuatl:ihuan=8|quen=8
2002 Mecayapan	Traducción	3183	3183	1.0000	spanish	nahuatl,french,latin,english,greek	0.0076	0.9924	0.7987	0.2013	0.0029	0.9971	0.0000	1.0000	0.0000	1.0000	0.0000	1.0000	nahuatl:no=46|huevo=12|chueco=6; spanish:de=523|su=288; french:el=15|vease=12|que=8
2002 Mecayapan	Traducción (es)	3183	0	0.0000		nahuatl,spanish,french,latin,english,greek	0.0000	1.0000	0.0000	1.0000	0.0000	1.0000	0.0000	1.0000	0.0000	1.0000	0.0000	1.0000	
2002 Mecayapan	Comentario	3183	2423	0.7612	spanish	latin,english,greek	0.2091	0.7909	0.6555	0.3445	0.0783	0.9217	0.0000	1.0000	0.0000	1.0000	0.0000	1.0000	nahuatl:no=398|ipan=362|ihuan=284; spanish:vease=1433|el=1199; french:vease=1433|inin=114|yej=94
2002 Mecayapan	Comentario (es)	3183	0	0.0000		nahuatl,spanish,french,latin,english,greek	0.0000	1.0000	0.0000	1.0000	0.0000	1.0000	0.0000	1.0000	0.0000	1.0000	0.0000	1.0000	
2002 Mecayapan	Comentario_wimmer_plus_html	3183	0	0.0000		nahuatl,spanish,french,latin,english,greek	0.0000	1.0000	0.0000	1.0000	0.0000	1.0000	0.0000	1.0000	0.0000	1.0000	0.0000	1.0000	
2002 Mecayapan	all_public_text	3183	3183	1.0000	spanish	latin,english,greek	0.1652	0.8348	0.8982	0.1018	0.0623	0.9377	0.0000	1.0000	0.0000	1.0000	0.0000	1.0000	nahuatl:no=444|ipan=362|ihuan=286; spanish:el=1458; french:vease=1445|inin=115|el=100
2021 Wimmer	Original	42464	42464	1.0000	nahuatl	spanish,french,latin,english,greek	0.9557	0.0443	0.0000	1.0000	0.0000	1.0000	0.0000	1.0000	0.0000	1.0000	0.0000	1.0000	nahuatl:teuctli=7|coatl=4
2021 Wimmer	Editado	42464	42464	1.0000	nahuatl	spanish,french,latin,english,greek	0.9557	0.0443	0.0000	1.0000	0.0000	1.0000	0.0000	1.0000	0.0000	1.0000	0.0000	1.0000	nahuatl:amo=10|teuctli=7
2021 Wimmer	Traducción	42464	42464	1.0000	french	nahuatl,spanish,latin,english,greek	0.0418	0.9582	0.0052	0.9948	0.8811	0.1189	0.0000	1.0000	0.0011	0.9989	0.0000	1.0000	nahuatl:tla=3033|tetla=428|in=361; spanish:de=12991|la=5699|en=4018; french:etre=4018|refl=2443; latin:gracilis=1; english:the=132|with=44|fine=31
2021 Wimmer	Traducción (es)	42464	42459	0.9999	spanish	nahuatl,french,latin,english,greek	0.0289	0.9711	0.8918	0.1082	0.0000	1.0000	0.0000	1.0000	0.0000	1.0000	0.0000	1.0000	nahuatl:tla=3072|no=499|tetla=436; spanish:de=15711|el=9120; french:tambien=208|etnico=184|quien=143; latin:gracilis=1; english:artificial=3|be=2|old=1; greek:griego=2
2021 Wimmer	Comentario	42464	42464	1.0000	nahuatl,french	latin,greek	0.6468	0.3532	0.1272	0.8728	0.8084	0.1916	0.0001	0.9999	0.2257	0.7743	0.0000	1.0000	nahuatl:in=33195|zan=6453; spanish:de=51250|la=26095|le=17079; french:sur=25532|dit=10884; latin:vel=24|gracilis=3|pluralis=3; english:form=16900|the=10464; greek:greek-script=1
2021 Wimmer	Comentario (es)	42464	42464	1.0000	nahuatl,spanish	french,latin,greek	0.6476	0.3524	0.8524	0.1476	0.0028	0.9972	0.0001	0.9999	0.1181	0.8819	0.0000	1.0000	nahuatl:in=30213|zan=6602; spanish:de=80009|el=56853; french:tambien=3848|simeon=1299|el=1186; latin:vel=24|gracilis=3|pluralis=3; english:be=68|the=67; greek:griego=3|greek-script=1
2021 Wimmer	Comentario_wimmer_plus_html	42464	0	0.0000		nahuatl,spanish,french,latin,english,greek	0.0000	1.0000	0.0000	1.0000	0.0000	1.0000	0.0000	1.0000	0.0000	1.0000	0.0000	1.0000	
2021 Wimmer	all_public_text	42464	42464	1.0000	nahuatl,spanish,french	latin,greek	0.8349	0.1651	0.9834	0.0166	0.9764	0.0236	0.0002	0.9998	0.3177	0.6823	0.0000	1.0000	nahuatl:in=63781; spanish:de=159961|el=69931|la=69842; french:sur=28161; latin:vel=48|gracilis=8|pluralis=6; english:form=16906; greek:griego=5|greek-script=2
V94 Diccionario Global SNP	Original	29997	29997	1.0000	nahuatl	spanish,french,latin,english,greek	0.9506	0.0494	0.0000	1.0000	0.0000	1.0000	0.0000	1.0000	0.0000	1.0000	0.0000	1.0000	nahuatl:amo=906|itech=208
V94 Diccionario Global SNP	Editado	29997	29997	1.0000	nahuatl	spanish,french,latin,english,greek	0.9558	0.0442	0.0000	1.0000	0.0000	1.0000	0.0000	1.0000	0.0000	1.0000	0.0000	1.0000	nahuatl:amo=940|tlein=533
V94 Diccionario Global SNP	Traducción	29997	29997	1.0000	spanish	nahuatl,french,latin,english,greek	0.0167	0.9833	0.8402	0.1598	0.0084	0.9916	0.0000	1.0000	0.0001	0.9999	0.0000	1.0000	nahuatl:no=1135|mexico=653|humano=87; spanish:de=15731|el=8898; french:mexico=653|el=224|cafe=177; latin:gracilis=1; english:artificial=9|made=1; greek:griego=2|griega=2
V94 Diccionario Global SNP	Traducción (es)	29997	0	0.0000		nahuatl,spanish,french,latin,english,greek	0.0000	1.0000	0.0000	1.0000	0.0000	1.0000	0.0000	1.0000	0.0000	1.0000	0.0000	1.0000	
V94 Diccionario Global SNP	Comentario	29997	29997	1.0000	spanish	nahuatl,french,latin,english,greek	0.0030	0.9970	0.5042	0.4958	0.0007	0.9993	0.0000	1.0000	0.0000	1.0000	0.0000	1.0000	nahuatl:amo=310|itech=38|in=18; spanish:nombre=12408|expresion=471; french:okse=4|uiyak=4|uikakkej=4
V94 Diccionario Global SNP	Comentario (es)	29997	0	0.0000		nahuatl,spanish,french,latin,english,greek	0.0000	1.0000	0.0000	1.0000	0.0000	1.0000	0.0000	1.0000	0.0000	1.0000	0.0000	1.0000	
V94 Diccionario Global SNP	Comentario_wimmer_plus_html	29997	0	0.0000		nahuatl,spanish,french,latin,english,greek	0.0000	1.0000	0.0000	1.0000	0.0000	1.0000	0.0000	1.0000	0.0000	1.0000	0.0000	1.0000	
V94 Diccionario Global SNP	all_public_text	29997	29997	1.0000	spanish	nahuatl,french,latin,english,greek	0.0195	0.9805	0.9213	0.0787	0.0091	0.9909	0.0000	1.0000	0.0001	0.9999	0.0000	1.0000	nahuatl:no=1148|mexico=653|amo=336; spanish:de=15744; french:mexico=653|el=224|cafe=177; latin:gracilis=1; english:artificial=9|made=1; greek:griego=2|griega=2
