record_id	original	previous_edition	new_edition	translation
v94-diccionario-global-snp:000540	akin itajtakol	aquin itlatacolli	aquin itlatlacolli	culpable (lit. de quien [es] la culpa)
v94-diccionario-global-snp:003906	ijtoua itajtakoluan	itohua itlatacolhuan	itohua itlatlacolhuan	vt. confesar sus pecados
v94-diccionario-global-snp:004922	itatajikniuj	itlataicniuh	itlatlaicniuh	su tío (lit. el hermano de su padre)
v94-diccionario-global-snp:004926	itatajtsin	itlatatzin	itlatlatzin	su padre. su marido
v94-diccionario-global-snp:004927	itatajuan	itlatahuan	itlatlahuan	sus padres (padre y madre, sus papás en México)
v94-diccionario-global-snp:004928	itatampapikka	itlatampapicca	itlatlampapicca	sus calzones
v94-diccionario-global-snp:004929	itatan	itlatan	itlatlan	su paga
v94-diccionario-global-snp:005926	iyat itajtay	iyatl itlatay	iyatl itlatlay	planta silvestre (nicotiana sp.) de la familia solanaceae, no tiene ningún uso
v94-diccionario-global-snp:006553	kampa tel tataki	campa tel tlataqui	campa tel tlatlaqui	fértil (p.e. un terreno, lit. donde mucho produce)
v94-diccionario-global-snp:006963	keman tatanestok	queman tlataneztoc	queman tlatlaneztoc	cuando es de día (p.e. todas las horas del día en que hay luz solar)
v94-diccionario-global-snp:010864	mexkal itajtay	mexcalli itlatay	mexcalli itlatlay	cierta planta de la familia agavaceae, es rupícola, crece en lugares rocosos pegándose a las piedras, no tiene ningún uso
v94-diccionario-global-snp:015599	santacruzxochit itajtay	zantacruzxochitl itlatay	zantacruzxochitl itlatlay	cierta variedad de orquídea. planta (nidema boothii) de la familia orchideaceae, su flor es pequeña y fragante, no tiene uso ornamental
v94-diccionario-global-snp:016238	sentatamanmej	centlatamanme	centlatlamanme	que son de la misma clase o del mismo tipo, que son todos iguales (plu.)
v94-diccionario-global-snp:016239	sentatamiliya	centlatamilia	centlatlamilia	vt. destruirle a alguien todo (p.e. todas las plantas o todo cultivo un agente como el viento, árboles que caen, etc.)
v94-diccionario-global-snp:016240	sentatamiya	centlatamia	centlatlamia	vt. acabar o destruir algo. vi. destruir todo un cultivo (p.e. un viento fuerte a una milpa u otro tipo de sembradío o cultivo)
v94-diccionario-global-snp:017545	tajtachiyalis	tlatachiyaliztli	tlatlachiyaliztli	visión (p.e. de un acontecimiento futuro o pasado). transfiguración (de jesús)
v94-diccionario-global-snp:017546	tajtachiyaltiya	tlatachiyaltia	tlatlachiyaltia	vt. hacer tener a alguien una visión (p.e. de un acontecimiento futuro o pasado)
v94-diccionario-global-snp:017547	tajtachkua	tlatachcua	tlatlachcua	vi. cavar. escarbar
v94-diccionario-global-snp:017548	tajtachkui	tlatachcui	tlatlachcui	aflojarse y desgastarse la capa superior de tierra (por el efecto de alguna actividad, particularmente la de barrer)
v94-diccionario-global-snp:017549	tajtailtiya	tlatailtia	tlatlailtia	vt. (hacer u obligar a beber a alguien bebidas alcohólicas?)
v94-diccionario-global-snp:017552	tajtajnektikisa	tlatanectiquiza	tlatlanectiquiza	vi. salir a oler, pasar a oler
v94-diccionario-global-snp:017557	tajtakentiya	tlataquentia	tlatlaquentia	vr. vestirse. abrigarse
v94-diccionario-global-snp:017560	tajtakolchiujkej	tlatacolchiuhque	tlatlacolchiuhque	pecador
v94-diccionario-global-snp:017562	tajtakolis	tlatacoliztli	tlatlacoliztli	imperfecciones. pecado. errores. culpa. falta
v94-diccionario-global-snp:017563	tajtakolkuiltiya	tlatacolcuiltia	tlatlacolcuiltia	vt. hacer caer en el pecado, permitir que alguien caiga en pecado. vr. sentirse culpable, culparse a sí mismo
v94-diccionario-global-snp:017564	tajtakolmaka	tlatacolmaca	tlatlacolmaca	vr. pecar, cometer un pecado
v94-diccionario-global-snp:017565	tajtakolmakatinemi	tlatacolmacatinemi	tlatlacolmacatinemi	vi. andar pecando. vr. andar pecando, andar cometiendo pecados. fornicar, cometer fornicación
v94-diccionario-global-snp:017566	tajtakolmakatiuitse	tlatacolmacatihuitze	tlatlacolmacatihuitze	vr. venir cometiendo pecados, venir pecando
v94-diccionario-global-snp:017567	tajtakolmakatiyouej	tlatacolmacatiahui	tlatlacolmacatiahui	vr. ir pecando, ir cometiendo pecados
v94-diccionario-global-snp:017568	tajtakolmaktiuitse	tlatacolmactihuitze	tlatlacolmactihuitze	vr. venir cometiendo pecados, venir pecando
v94-diccionario-global-snp:017569	tajtakolmaktiyouej	tlatacolmactiahui	tlatlacolmactiahui	vr. ir pecando, ir cometiendo pecados
v94-diccionario-global-snp:017570	tajtakolnemilis	tlatacolnemiliztli	tlatlacolnemiliztli	vida de pecado. deseos mundanos
v94-diccionario-global-snp:017572	tajtakolojpan	tlatacolopan	tlatlacolopan	senda del pecado, camino por el que se llega al pecado (metafóricamente conducta indecente, maldad)
v94-diccionario-global-snp:017573	tajtakolpakilis	tlatacolpaquiliztli	tlatlacolpaquiliztli	alegría del pecado. deleite desenfrenado
v94-diccionario-global-snp:017575	tajtakoluanimej	tlatacolhuanime	tlatlacolhuanime	pecadores
v94-diccionario-global-snp:017576	tajtakoluiya	tlatacolhuia	tlatlacolhuia	vt. echar la culpa a alguien. (sancionar a alguien?)
v94-diccionario-global-snp:017577	tajtakolyalis	tlatacolyaliztli	tlatlacolyaliztli	senda del pecado, viaje hacia el pecado, viaje por el pecado
v94-diccionario-global-snp:017580	tajtakoujkej	tlatacoque	tlatlacoque	pecador. imperfecto, perjudicial (adj.)
v94-diccionario-global-snp:017581	tajtakoxolal	tlatacoxolalli	tlatlacoxolalli	en el centro del pueblo
v94-diccionario-global-snp:017582	tajtakoyampa	tlatacoyampa	tlatlacoyampa	entre, entre medias
v94-diccionario-global-snp:017583	tajtakoyan	tlatacoyan	tlatlacoyan	en medio de (un lugar). a la mitad de (un destino). por el medio, por en medio
v94-diccionario-global-snp:017592	tajtaluiliya	tlatalhuilia	tlatlalhuilia	vt. ensuciar algo de alguien (p.e. ropa, herramientas, etc.)
v94-diccionario-global-snp:017595	tajtamajpachoua	tlatamapachoa	tlatlamapachoa	vi. (cubrir con las manos?)
v94-diccionario-global-snp:017596	tajtamaka	tlatamaca	tlatlamaca	vt. alimentar, dar de comer. dar de comer a un animal o a animales. apacentar a un animal (p.e. a un caballo)
v94-diccionario-global-snp:017599	tajtamijtiyouej	tlatamitiahui	tlatlamitiahui	vi. (ir extinguiendo algo, ir amortiguando algo?)
v94-diccionario-global-snp:017601	tajtamiltiliya	tlatamiltilia	tlatlamiltilia	vt. pasarle por alto algo a alguien. no tenerle encuenta algo (p.e. una falta) a alguien
v94-diccionario-global-snp:017622	tajtapajtilis	tlatapatiliztli	tlatlapatiliztli	salud
v94-diccionario-global-snp:017623	tajtapakyoj	tlatapacyo	tlatlapacyo	quebrado ( maíz que se quiebra y se mezcla con el maíz bueno, la gente no lo aprecia porque cuesta mucho limpiar el maíz bueno)
v94-diccionario-global-snp:017624	tajtapalyo	tlatapallo	tlatlapallo	(color?)
v94-diccionario-global-snp:017627	tajtapeualuiya	tlatapehualhuia	tlatlapehualhuia	vi. poner trampas (para animales)
v94-diccionario-global-snp:017628	tajtapojpoluiya	tlatapopolhuia	tlatlapopolhuia	vr. pedir perdón
v94-diccionario-global-snp:017630	tajtapoui	tlatapohui	tlatlapohui	vi. abrirse (p.e. una tela), desgastarse
v94-diccionario-global-snp:017631	tajtapouiliya	tlatapohuilia	tlatlapohuilia	vt. (abrirle algo a alguien?)
v94-diccionario-global-snp:017632	tajtapoyaui	tlatapoyahui	tlatlapoyahui	v. impersonal. caer la noche, anochecer
v94-diccionario-global-snp:017634	tajtatamaka	tlatatamaca	tlatlatamaca	(?)
v94-diccionario-global-snp:017635	tajtatapotok	tlatatapotoc	tlatlatapotoc	que tiene rendijas
v94-diccionario-global-snp:017636	tajtatekoch	tlatatecoch	tlatlatecoch	cañada
v94-diccionario-global-snp:017637	tajtatenoj	tlatateno	tlatlateno	en la orilla de, al lado de, al borde de
v94-diccionario-global-snp:017640	tajtatsakua	tlatatzacua	tlatlatzacua	vi. cerrar el paso (p.e. a animales o personas)
v94-diccionario-global-snp:017642	tajtauantiya	tlatahuantia	tlatlahuantia	vr. beber alcohol
v94-diccionario-global-snp:017643	tajtaueliltiya	tlatahueliltia	tlatlahueliltia	vt. hacer que alguien (p.e. un animal) pase o transfiera sus buenos efectos a alguien (como forma de remedio para curar, p.e. niños que no hablan, un cotorrito les transfiere su capacidad de hablar)
v94-diccionario-global-snp:017645	tajtauitomil	tlatahuitomilli	tlatlahuitomilli	(valle, barranco?)
v94-diccionario-global-snp:017646	tajtay	tlatay	tlatlay	foto, fotografía. cosa parecida (planta, fruta o verdura, cuando se parece a la verdadera especie pero no es la misma)
v94-diccionario-global-snp:017647	tajtayi	tlatayi	tlatlayi	beber a sorbos
v94-diccionario-global-snp:017648	tajtayiltiya	tlatayiltia	tlatlayiltia	vt. hacer beber algo a varias personas (objeto plu.)
v94-diccionario-global-snp:017649	tajtayiteua	tlatayitehua	tlatlayitehua	vi. partir bebiendo algo, beber algo inmediatamente antes de partir
v94-diccionario-global-snp:018370	tal kampa tel tataki	tlalli campa tel tlataqui	tlalli campa tel tlatlaqui	tierra o suelo fértil (lit. tierra donde mucho produce)
v94-diccionario-global-snp:019877	tapalkatatayiloni	tlapalcatlatayiloni	tlapalcatlatlayiloni	copa para beber. (copa de oro?)
v94-diccionario-global-snp:020409	tatachiual	tlatachihualli	tlatlachihualli	desastre
v94-diccionario-global-snp:020411	tatachpanakej	tlatachpanaque	tlatlachpanaque	golondrina (hirundo rustica) (lit. barrendera). barrendero
v94-diccionario-global-snp:020412	tatachpanij	tlatachpani	tlatlachpani	barrenderos, barrenderas (plu.)
v94-diccionario-global-snp:020413	tatachtekiya	tlatachtequia	tlatlachtequia	vr. robarse unos a otros
v94-diccionario-global-snp:020414	tatadios	tlatadioz	tlatladioz	ídolo, falso dios. dios pagano o mitológico (p.e. dios del panteón religioso griego). santo. imagen (religiosa, p.e. una talla de un santo)
v94-diccionario-global-snp:020415	tatadiosaj	tlatadioza	tlatladioza	diosa pagana
v94-diccionario-global-snp:020416	tataejeka	tlataeeca	tlatlaeeca	vi. correr el aire, hacer viento
v94-diccionario-global-snp:020417	tataiknit	tlataicnitl	tlatlaicnitl	tío
v94-diccionario-global-snp:020418	tatailaj	tlataila	tlatlaila	(terrenos limpios para la siembra del maíz?)
v94-diccionario-global-snp:020456	tatajtapana	tlatatlapana	tlatlatlapana	vi. romperse, partirse (p.e. platos)
v94-diccionario-global-snp:020457	tatajtapol	tlatatapolli	tlatlatapolli	saludo
v94-diccionario-global-snp:020459	tatajtatsini	tlatatatzini	tlatlatatzini	trueno
v94-diccionario-global-snp:020471	tatajueyi	tlataueyi	tlatlaueyi	abuelo
v94-diccionario-global-snp:020496	tatakentilis	tlataquentiliztli	tlatlaquentiliztli	vestimenta. regalo de ropa, ritual que se hace en la región y consiste en regalar una muda de ropa a un ahijado de bautizo al cumplir aproximadamente cuatro años de edad
v94-diccionario-global-snp:020497	tatakentiya	tlataquentia	tlatlaquentia	vi. vestir (a alguien, p.e. los padrinos a los novios en una boda)
v94-diccionario-global-snp:020498	tatakepa	tlataquepa	tlatlaquepa	entrar y salir
v94-diccionario-global-snp:020499	tatakesyo	tlataquezyo	tlatlaquezyo	pendientes, zona de colinas, lugar con muchas lomas
v94-diccionario-global-snp:020500	tatakeua	tlataquehua	tlatlaquehua	vi. (contratar personas para cosechar el maíz?). invitar o reunir personas (para realizar una actividad)
v94-diccionario-global-snp:020501	tatakeuiya	tlataquehuia	tlatlaquehuia	vt. mandar o encargar hacerle un hechizo para afectar a alguien (la persona embrujada es el objeto del verbo)
v94-diccionario-global-snp:020502	tataki	tlataqui	tlatlaqui	vi. producir, producirse, dar frutos. producir alimentos
v94-diccionario-global-snp:020503	tatakiltiya	tlataquiltia	tlatlaquiltia	vi. dar fruto, producir, obtener cosechas. hacer producir (p.e. a la tierra)
v94-diccionario-global-snp:020505	tatakomapilmej	tlatacomapilme	tlatlacomapilme	dedos del medio
v94-diccionario-global-snp:020506	tataktsin xiuit	tlatactzin xihuitl	tlatlactzin xihuitl	planta (euphorbia heterophylla) de la familia euphorbiaceae, se llama así por las manchas negras, como quemaduras, que tienen las hojas, se da en la milpa y se usa para tratar los granos
v94-diccionario-global-snp:020508	tatakuajkej	tlatacuaque	tlatlacuaque	persona que come
v94-diccionario-global-snp:020509	tatakuajtinemi	tlatacuatinemi	tlatlacuatinemi	vi. andar comiendo como un glotón, andar comiendo en exceso
v94-diccionario-global-snp:020510	tatakuajtiuitse	tlatacuatihuitze	tlatlacuatihuitze	vi. venir comiendo como un glotón, andar comiendo en exceso
v94-diccionario-global-snp:020513	tatakuatijkej	tlatacuatique	tlatlacuatique	glotón
v94-diccionario-global-snp:020514	tatakuatiyouej	tlatacuatiahui	tlatlacuatiahui	vi. (ir comiendo como un glotón?)
v94-diccionario-global-snp:020522	tatalixtanextiuitse	tlatalixtanextihuitze	tlatlalixtanextihuitze	vi. (venir casi amaneciendo?)
v94-diccionario-global-snp:020524	tatalkamoj	tlatalcamo	tlatlalcamo	planta (dioscorea bulbifera l.) de la familia dioscoreaceae, sus frutos, que parecen patatas, son comestibles (lit. pseudopatata, pseudopapa en México)
v94-diccionario-global-snp:020525	tatalnexyoua	tlatalnexyohua	tlatlalnexyohua	vi. empolvarse, llenarse de polvo
v94-diccionario-global-snp:020526	tatalot	tlatalotl	tlatlalotl	temporada de calor
v94-diccionario-global-snp:020528	tatalpantsin	tlatalpantzin	tlatlalpantzin	chaparro
v94-diccionario-global-snp:020532	tataluilistaj	tlatalhuiliztla	tlatlalhuiliztla	época o temporada de aterrado de milpa
v94-diccionario-global-snp:020545	tatamaka	tlatamaca	tlatlamaca	vt. dar un banquete a alguien. dar de comer a alguien. vi. dar un banquete. dar de comer algo. dar de comer. dar de mamar (a un lactante, p.e. una oveja a su cordero). vr. celebrar banquetes. darse un banquete
v94-diccionario-global-snp:020546	tatamalakacholtiya	tlatamalacacholtia	tlatlamalacacholtia	vi. participar en una procesión (religiosa), realizar procesiones
v94-diccionario-global-snp:020547	tatamamej	tlatamame	tlatlamame	de muchos tamaños. diferentes, distintos, varios
v94-diccionario-global-snp:020565	tatamiltanemililis	tlatamillanemililiztli	tlatlamillanemililiztli	conocimiento final (tras una fase de experimentación)
v94-diccionario-global-snp:020569	tatamotiliya	tlatamotilia	tlatlamotilia	vr. tirarse o arrojarse mutuamente (p.e. piedras). lanzarse pases unos a otros (p.e.en el fútbol)
v94-diccionario-global-snp:020570	tatamotkej	tlatamotque	tlatlamotque	cazador
v94-diccionario-global-snp:020575	tatampakueit	tlatampacueitl	tlatlampacueitl	enagua, falda interior (usada por las mujeres, son de cualquier color y en el borde inferior siempre lleva encaje)
v94-diccionario-global-snp:020578	tatampataken	tlatampataquen	tlatlampataquen	ropa interior
v94-diccionario-global-snp:020580	tatampauiya	tlatampahuia	tlatlampahuia	vi. dar mucha sombra (p.e. un árbol)
v94-diccionario-global-snp:020584	tatanakastan	tlatanacaztlan	tlatlanacaztlan	en los lados, en los bordes, en las orillas
v94-diccionario-global-snp:020585	tatanalis	tlatanaliztli	tlatlanaliztli	acción de ganar
v94-diccionario-global-snp:020586	tatanesi	tlataneci	tlatlaneci	vi. amanecer
v94-diccionario-global-snp:020587	tatanesyan	tlatanezyan	tlatlanezyan	lugar de donde procede una luz muy brillante
v94-diccionario-global-snp:020588	tataneuiliya	tlatanehuilia	tlatlanehuilia	vt. pedir prestado algo a alguien (p.e. alimento, dinero, ropa, etc.)
v94-diccionario-global-snp:020589	tataneujtijkej	tlataneuhtique	tlatlaneuhtique	prestamista
v94-diccionario-global-snp:020591	tatanextiliya	tlatanextilia	tlatlanextilia	vt. iluminar
v94-diccionario-global-snp:020594	tatanilijtinemi	tlatanilitinemi	tlatlanilitinemi	vr. andar ganándose para sí mismo (p.e. un dinero). andar traficando o comerciando para sí mismo. vt. ganarle (p.e. dinero) a alguien o ganar para alguien (p.e. dinero)
v94-diccionario-global-snp:020595	tatanilijtiyouej	tlatanilitiahui	tlatlanilitiahui	vr. ir a ganarse (un sueldo, un dinero para subsistir)
v94-diccionario-global-snp:020600	tatankej	tlatanque	tlatlanque	vencedor, ganador, triunfador
v94-diccionario-global-snp:020601	tatantinemi	tlatantinemi	tlatlantinemi	vi. andar venciendo, andar ganando. vr. (andar compitiendo, andar apostando?)
v94-diccionario-global-snp:020602	tatantiyouej	tlatantiahui	tlatlantiahui	vi. ir ganando (p.e. uno de los equipos en un partido de baloncesto)
v94-diccionario-global-snp:020604	tatapalkuiloni	tlatapalcuiloni	tlatlapalcuiloni	pincel
v94-diccionario-global-snp:020605	tatapaluijkej	tlatapalhuique	tlatlapalhuique	pintor
v94-diccionario-global-snp:020606	tatapaluil	tlatapalhuilli	tlatlapalhuilli	grafiti, pintura o inscripción en un lugar público. pintado (p.e. una tabla, un cuadro, adj.). teñido (de forma accidental, p.e. ropa, adj.)
v94-diccionario-global-snp:020607	tatapaluiya	tlatapalhuia	tlatlapalhuia	vi. pintar, colorear. dibujar
v94-diccionario-global-snp:020608	tatapalyokej	tlatapalyoque	tlatlapalyoque	dibujadas, ilustradas
v94-diccionario-global-snp:020616	tatapetanilot	tlatapetlanilotl	tlatlapetlanilotl	relámpago
v94-diccionario-global-snp:020618	tatapojtiyouej	tlatapotiahui	tlatlapotiahui	ir abriendo
v94-diccionario-global-snp:020619	tatapokaujteua	tlatapocauhtehua	tlatlapocauhtehua	dejar abierto
v94-diccionario-global-snp:020621	tatapopoka	tlatapopoca	tlatlapopoca	vi. humear (p.e. un campo quemado tras deshierbarlo)
v94-diccionario-global-snp:020622	tatapotok	tlatapotoc	tlatlapotoc	abierto
v94-diccionario-global-snp:020624	tatapoui	tlatapohui	tlatlapohui	vi. abrirse. abrir (p.e. la puerta). abrirse una puerta (por sí sola o por algo como el viento). vr. comentarse unos a otros, platicarse, hacerse comentarios unos a otros
v94-diccionario-global-snp:020625	tatapouilijtiuetsi	tlatapohuilitihuetzi	tlatlapohuilitihuetzi	vt. abrir rápidamente (la puerta) a alguien
v94-diccionario-global-snp:020626	tatapouiliya	tlatapohuilia	tlatlapohuilia	vt. abrirle algo a alguien (p.e. la puerta). abrir la puerta a alguien. recibir a alguien en su casa
v94-diccionario-global-snp:020627	tatapouiya	tlatapohuia	tlatlapohuia	vt. abrir a alguien (p.e. una puerta). vi. abrirse
v94-diccionario-global-snp:020628	tatapoujkej	tlatapouhque	tlatlapouhque	narrador. portero
v94-diccionario-global-snp:020632	tatasasneki	tlatazaznequi	tlatlazaznequi	vi. querer poner huevos
v94-diccionario-global-snp:020634	tataskatsajtsi	tlatazcatzatzi	tlatlazcatzatzi	vi. cloquear
v94-diccionario-global-snp:020636	tataskuouit	tlatazcuahuitl	tlatlazcuahuitl	leña, palos (p.e. para echar a la hoguera)
v94-diccionario-global-snp:020644	tatatatsika	tlatatatzica	tlatlatatzica	vi. crujir
v94-diccionario-global-snp:020645	tatatatsini	tlatatatzini	tlatlatatzini	vi. tronar (escucharse truenos). tronar repetidamente, sonar truenos repetidamente (al relampaguear)
v94-diccionario-global-snp:020657	tatatitanil	tlatatitlanilli	tlatlatitlanilli	apóstol, enviado
v94-diccionario-global-snp:020660	tatatiyouej	tlatatiahui	tlatlatiahui	vr. ir a esconderse (p.e. jugando al escondite)
v94-diccionario-global-snp:020661	tatatojtiya	tlatatotia	tlatlatotia	vi. (jugar con el trompo?)
v94-diccionario-global-snp:020664	tatatsika	tlatatzica	tlatlatzica	vi. crujir. sonar o hacer ruido al estallar (tronar en México, p.e. la manteca al ser calentada). sonar como cuando se dan golpecitos. hacer tictac o sonido similar (p.e. reloj, máquina de escribir, etc.)
v94-diccionario-global-snp:020665	tatatsikauilo	tlatatzicahuillo	tlatlatzicahuillo	vi. salpicarse de agua de lluvia o neblina con la llovizna (p.e. objetos protegidos bajo un techo alto, pero que el viento hace que la llovizna llegue a salpicarlos, como leña apilada, ropa tendida, etc.)
v94-diccionario-global-snp:020668	tatatsinilot	tlatatzinilotl	tlatlatzinilotl	trueno
v94-diccionario-global-snp:020669	tatatsintokiya	tlatatzintoquia	tlatlatzintoquia	vr. preguntarse
v94-diccionario-global-snp:020670	tatatsiuiya	tlatatzihuia	tlatlatzihuia	vt. caerle un rayo a alguien
v94-diccionario-global-snp:020672	tatatskaltiliya	tlatatzcaltilia	tlatlatzcaltilia	vt. hacer rechinar algo de alguien (p.e. tablas, la cama)
v94-diccionario-global-snp:020673	tatatskaltiya	tlatatzcaltia	tlatlatzcaltia	vt. hacer rechinar algo (p.e. una cama, unas tablas)
v94-diccionario-global-snp:020693	tataxi	tlataxi	tlatlaxi	toser
v94-diccionario-global-snp:020697	tataxis	tlataxiz	tlatlaxiz	tos. catarro. gripe (gripa en México)
v94-diccionario-global-snp:020698	tataxiskui	tlataxizcui	tlatlaxizcui	vi. tener tos (lit. agarrar tos). (enfriarse, resfriarse?)
v94-diccionario-global-snp:020699	tataxiskuiltiya	tlataxizcuiltia	tlatlaxizcuiltia	vt. dar tos, hacer que alguien tenga o enferme con tos (p.e. la lluvia)
v94-diccionario-global-snp:020700	tataxispaj	tlataxizpa	tlatlaxizpa	medicina para la tos
v94-diccionario-global-snp:020701	tataxisti	tlataxizti	tlatlaxizti	vi. tener tos
v94-diccionario-global-snp:020702	tataxixkui	tlataxixcui	tlatlaxixcui	vi. agarrarle a alguien la tos, padecer tos (tataxixkuik, le agarró la tos)
v94-diccionario-global-snp:020703	tataxkaliya	tlataxcalia	tlatlaxcalia	vi. (hacer tortillas?). (apurarse, darse prisa?)
v94-diccionario-global-snp:020704	tataxkalojkej	tlataxcaloque	tlatlaxcaloque	tortillera, mujer que hace tortillas
v94-diccionario-global-snp:020705	tataxkalolis	tlataxcaloliztli	tlatlaxcaloliztli	acción de hacer tortillas, el hacer tortillas. elaboración de tortillas, trabajo o acción de elaborar tortillas
v94-diccionario-global-snp:020706	tataxkaloua	tlataxcaloa	tlatlaxcaloa	vi. echar tortillas, hacer tortillas, tortillear. aplaudir. palmear
v94-diccionario-global-snp:020707	tataxkaloujkej	tlataxcaloque	tlatlaxcaloque	tortillera, mujer que trabaja haciendo tortillas
v94-diccionario-global-snp:020708	tataxtiya	tlataxtia	tlatlaxtia	vt. provocarle una tos momentánea a alguien, hacer toser momentáneamente a alguien (p.e. la quema de chile, el humo)
v94-diccionario-global-snp:020710	tatayi	tlatayi	tlatlayi	vi. beber. beber constantemente. cometer excesos con la bebida
v94-diccionario-global-snp:020711	tatayil	tlatayilli	tlatlayilli	barbecho
v94-diccionario-global-snp:020712	tatayiloni	tlatayiloni	tlatlayiloni	copa (para beber)
v94-diccionario-global-snp:020713	tatayokoliya	tlatayocolia	tlatlayocolia	vr. (regalarse unos a otros?)
v94-diccionario-global-snp:020714	tatayokolkan	tlatayocolcan	tlatlayocolcan	día triste (se dice cuando no sale el sol y hay mucha neblina)
v94-diccionario-global-snp:020716	tatayoualo	tlatayohuallo	tlatlayohuallo	vi. dar vueltas y vueltas, dar vueltas sin parar (p.e. a una manzana de edificios en un vehículo para consumir toda la gasolina)
v94-diccionario-global-snp:020718	tatayouayanilot	tlatayohuayanilotl	tlatlayohuayanilotl	oscuridad
v94-diccionario-global-snp:020719	tatayouayantiya	tlatayohuayantia	tlatlayohuayantia	v. impersonal. anochecer. oscurecerse (el día)
v94-diccionario-global-snp:020720	tatayouayantiyak	tlatayohuayantiyac	tlatlayohuayantiyac	estar completamente oscuro
v94-diccionario-global-snp:021604	tayekankatatankej	tlayecancatlatanque	tlayecancatlatlanque	el triunfador, el vencedor (lit. el principal vencedor)
v94-diccionario-global-snp:021975	tein ika se tatapaluiya	tlein ica ce tlatapalhuia	tlein ica ce tlatlapalhuia	caja de pinturas, caja de lápices de colores (lit. con lo que uno colorea)
v94-diccionario-global-snp:022458	tekiuaj itech in yektatalismej	tequihua itech in yectlatalizme	tequihua itech in yectlatlalizme	regidor de obras
v94-diccionario-global-snp:025174	tomin tataneujtijkej	tomin tlataneuhtique	tomin tlatlaneuhtique	prestamista de dinero
v94-diccionario-global-snp:025458	totayekankatatauan	totlayecancatlatahuan	totlayecancatlatlahuan	nuestros antepasados
v94-diccionario-global-snp:025569	touejkaujkatatajuan	tohuecauhcatlatahuan	tohuecauhcatlatlahuan	nuestros antepasados
v94-diccionario-global-snp:026240	uakatataxis	huacatlataxiz	huacatlatlaxiz	deshidratación
v94-diccionario-global-snp:026245	uakkatataxis	huaccatlataxiz	huaccatlatlaxiz	tuberculosis. tos seca, generalmente por fumar o padecer tuberculosis
v94-diccionario-global-snp:027511	xalkapolin itajtay	xalcapolin itlatay	xalcapolin itlatlay	árbol (clidemia petiolaris) de la familia melastomataceae considerado como pariente del árbol llamado en mexicano xälkapolin común
v94-diccionario-global-snp:028994	yektajtakentiya	yectlataquentia	yectlatlaquentia	vr. vestirse correctamente
v94-diccionario-global-snp:028996	yektajtalkauani	yectlatalcahuani	yectlatlalcahuani	muy olvidadizo
v94-diccionario-global-snp:029069	yektatachiual	yectlatachihualli	yectlatlachihualli	demasiado desastre
v94-diccionario-global-snp:029073	yektatalis	yectlataliztli	yectlatlaliztli	obras públicas municipales (lit. arreglos)
